[
{
    "model": "trec.researcher",
    "pk": 2,
    "fields": {
        "profile_picture": "profile_images/default.png",
        "website": "https://www.google.co.uk/",
        "display_name": "jill-display",
        "organisation": "Planet Express",
        "slug": "jill"
    }
},
{
    "model": "trec.researcher",
    "pk": 3,
    "fields": {
        "profile_picture": "profile_images/default.png",
        "website": "https://www.google.co.uk/",
        "display_name": "bob-display",
        "organisation": "Planet Express",
        "slug": "bob"
    }
},
{
    "model": "trec.researcher",
    "pk": 4,
    "fields": {
        "profile_picture": "profile_images/default.png",
        "website": "https://www.google.co.uk/",
        "display_name": "jen-display",
        "organisation": "MomCorp",
        "slug": "jen"
    }
},
{
    "model": "trec.track",
    "pk": 1,
    "fields": {
        "title": "news",
        "track_url": "http://www.google.com",
        "description": "Description - A simple track for searching about news",
        "genre": "Genre: news",
        "slug": "news"
    }
},
{
    "model": "trec.track",
    "pk": 2,
    "fields": {
        "title": "robust",
        "track_url": "http://www.google.com",
        "description": "Description - A simple track for searching about robust",
        "genre": "Genre: robust",
        "slug": "robust"
    }
},
{
    "model": "trec.track",
    "pk": 3,
    "fields": {
        "title": "web",
        "track_url": "http://www.google.com",
        "description": "Description - A simple track for searching about web",
        "genre": "Genre: web",
        "slug": "web"
    }
},
{
    "model": "trec.task",
    "pk": 1,
    "fields": {
        "track": 1,
        "title": "ap.trec.qrels.txt",
        "task_url": "http://www.google.com",
        "description": "Description - A task from the world of tomorrow!",
        "year": 2005,
        "judgements_file": "qrels/ap.trec.qrels_FC6IruX.txt",
        "slug": "aptrecqrelstxt"
    }
},
{
    "model": "trec.task",
    "pk": 2,
    "fields": {
        "track": 2,
        "title": "aq.trec2005.qrels.txt",
        "task_url": "http://www.google.com",
        "description": "Description - A task from the world of tomorrow!",
        "year": 2005,
        "judgements_file": "qrels/aq.trec2005.qrels_buNsfMU.txt",
        "slug": "aqtrec2005qrelstxt"
    }
},
{
    "model": "trec.task",
    "pk": 3,
    "fields": {
        "track": 3,
        "title": "dg.trec.qrels.txt",
        "task_url": "http://www.google.com",
        "description": "Description - A task from the world of tomorrow!",
        "year": 2005,
        "judgements_file": "qrels/dg.trec.qrels_Trs6G4n.txt",
        "slug": "dgtrecqrelstxt"
    }
},
{
    "model": "trec.run",
    "pk": 1,
    "fields": {
        "researcher": 4,
        "task": 1,
        "name": "test_run1",
        "description": "Description of run",
        "result_file": "runs/ap.trec.bm25.0.50.res_Xn1gVQ0.txt",
        "run_id": "test_run1-1",
        "run_type": 1,
        "query_type": 5,
        "feedback_type": 1,
        "map_val": 0.237,
        "p10_val": 0.3672,
        "p20_val": 0.3301,
        "slug": "test_run1-1"
    }
},
{
    "model": "trec.run",
    "pk": 2,
    "fields": {
        "researcher": 3,
        "task": 1,
        "name": "test_run2",
        "description": "Description of run",
        "result_file": "runs/ap.trec.bm25.0.70.res_Q0Md6Xj.txt",
        "run_id": "test_run2-2",
        "run_type": 1,
        "query_type": 5,
        "feedback_type": 1,
        "map_val": 0.2317,
        "p10_val": 0.3535,
        "p20_val": 0.325,
        "slug": "test_run2-2"
    }
},
{
    "model": "trec.run",
    "pk": 3,
    "fields": {
        "researcher": 2,
        "task": 1,
        "name": "test_run3",
        "description": "Description of run",
        "result_file": "runs/ap.trec.pl2.2.00.res_xvhnJNN.txt",
        "run_id": "test_run3-3",
        "run_type": 1,
        "query_type": 5,
        "feedback_type": 1,
        "map_val": 0.2339,
        "p10_val": 0.3682,
        "p20_val": 0.3288,
        "slug": "test_run3-3"
    }
},
{
    "model": "trec.run",
    "pk": 4,
    "fields": {
        "researcher": 3,
        "task": 1,
        "name": "test_run4",
        "description": "Description of run",
        "result_file": "runs/ap.trec.pl2.5.00.res_K50cIIg.txt",
        "run_id": "test_run4-4",
        "run_type": 1,
        "query_type": 5,
        "feedback_type": 1,
        "map_val": 0.2351,
        "p10_val": 0.3768,
        "p20_val": 0.3331,
        "slug": "test_run4-4"
    }
},
{
    "model": "trec.run",
    "pk": 5,
    "fields": {
        "researcher": 4,
        "task": 1,
        "name": "test_run5",
        "description": "Description of run",
        "result_file": "runs/ap.trec.pl2.7.00.res_1fyZ4Cc.txt",
        "run_id": "test_run5-5",
        "run_type": 1,
        "query_type": 5,
        "feedback_type": 1,
        "map_val": 0.168,
        "p10_val": 0.308,
        "p20_val": 0.282,
        "slug": "test_run5-5"
    }
},
{
    "model": "trec.run",
    "pk": 6,
    "fields": {
        "researcher": 4,
        "task": 2,
        "name": "test_run6",
        "description": "Description of run",
        "result_file": "runs/aq.trec.bm25.0.50.res_Cbx23j6.txt",
        "run_id": "test_run6-6",
        "run_type": 1,
        "query_type": 5,
        "feedback_type": 1,
        "map_val": 0.1764,
        "p10_val": 0.3469,
        "p20_val": 0.3367,
        "slug": "test_run6-6"
    }
},
{
    "model": "trec.run",
    "pk": 7,
    "fields": {
        "researcher": 3,
        "task": 2,
        "name": "test_run7",
        "description": "Description of run",
        "result_file": "runs/aq.trec.bm25.0.70.res_0jVtWm0.txt",
        "run_id": "test_run7-7",
        "run_type": 1,
        "query_type": 5,
        "feedback_type": 1,
        "map_val": 0.1619,
        "p10_val": 0.3163,
        "p20_val": 0.3061,
        "slug": "test_run7-7"
    }
},
{
    "model": "trec.run",
    "pk": 8,
    "fields": {
        "researcher": 4,
        "task": 2,
        "name": "test_run8",
        "description": "Description of run",
        "result_file": "runs/aq.trec.pl2.2.00.res_jfy3JxB.txt",
        "run_id": "test_run8-8",
        "run_type": 1,
        "query_type": 5,
        "feedback_type": 1,
        "map_val": 0.1692,
        "p10_val": 0.3306,
        "p20_val": 0.3092,
        "slug": "test_run8-8"
    }
},
{
    "model": "trec.run",
    "pk": 9,
    "fields": {
        "researcher": 3,
        "task": 2,
        "name": "test_run9",
        "description": "Description of run",
        "result_file": "runs/aq.trec.pl2.5.00.res_xoLbYfO.txt",
        "run_id": "test_run9-9",
        "run_type": 1,
        "query_type": 5,
        "feedback_type": 1,
        "map_val": 0.1771,
        "p10_val": 0.3735,
        "p20_val": 0.3378,
        "slug": "test_run9-9"
    }
},
{
    "model": "trec.run",
    "pk": 10,
    "fields": {
        "researcher": 2,
        "task": 3,
        "name": "test_run10",
        "description": "Description of run",
        "result_file": "runs/dg.trec.bm25.0.50.res_SW1SeJX.txt",
        "run_id": "test_run10-10",
        "run_type": 1,
        "query_type": 5,
        "feedback_type": 1,
        "map_val": 0.1733,
        "p10_val": 0.22,
        "p20_val": 0.169,
        "slug": "test_run10-10"
    }
},
{
    "model": "trec.run",
    "pk": 11,
    "fields": {
        "researcher": 4,
        "task": 3,
        "name": "test_run11",
        "description": "Description of run",
        "result_file": "runs/dg.trec.bm25.0.70.res_yCccKBc.txt",
        "run_id": "test_run11-11",
        "run_type": 1,
        "query_type": 5,
        "feedback_type": 1,
        "map_val": 0.1775,
        "p10_val": 0.23,
        "p20_val": 0.176,
        "slug": "test_run11-11"
    }
},
{
    "model": "trec.run",
    "pk": 12,
    "fields": {
        "researcher": 3,
        "task": 3,
        "name": "test_run12",
        "description": "Description of run",
        "result_file": "runs/dg.trec.pl2.2.00.res_M4uB0Ee.txt",
        "run_id": "test_run12-12",
        "run_type": 1,
        "query_type": 5,
        "feedback_type": 1,
        "map_val": 0.1839,
        "p10_val": 0.222,
        "p20_val": 0.174,
        "slug": "test_run12-12"
    }
},
{
    "model": "trec.run",
    "pk": 13,
    "fields": {
        "researcher": 2,
        "task": 3,
        "name": "test_run13",
        "description": "Description of run",
        "result_file": "runs/dg.trec.pl2.5.00.res_rTbTA5n.txt",
        "run_id": "test_run13-13",
        "run_type": 1,
        "query_type": 5,
        "feedback_type": 1,
        "map_val": 0.1672,
        "p10_val": 0.198,
        "p20_val": 0.167,
        "slug": "test_run13-13"
    }
},
{
    "model": "trec.p_value",
    "pk": 1,
    "fields": {
        "run": 1,
        "score": 0.2178,
        "p_number": 100
    }
},
{
    "model": "trec.p_value",
    "pk": 2,
    "fields": {
        "run": 1,
        "score": 0.3859,
        "p_number": 5
    }
},
{
    "model": "trec.p_value",
    "pk": 3,
    "fields": {
        "run": 1,
        "score": 0.1609,
        "p_number": 200
    }
},
{
    "model": "trec.p_value",
    "pk": 4,
    "fields": {
        "run": 1,
        "score": 0.3672,
        "p_number": 10
    }
},
{
    "model": "trec.p_value",
    "pk": 5,
    "fields": {
        "run": 1,
        "score": 0.3441,
        "p_number": 15
    }
},
{
    "model": "trec.p_value",
    "pk": 6,
    "fields": {
        "run": 1,
        "score": 0.0563,
        "p_number": 1000
    }
},
{
    "model": "trec.p_value",
    "pk": 7,
    "fields": {
        "run": 1,
        "score": 0.3301,
        "p_number": 20
    }
},
{
    "model": "trec.p_value",
    "pk": 8,
    "fields": {
        "run": 1,
        "score": 0.0929,
        "p_number": 500
    }
},
{
    "model": "trec.p_value",
    "pk": 9,
    "fields": {
        "run": 1,
        "score": 0.3059,
        "p_number": 30
    }
},
{
    "model": "trec.p_value",
    "pk": 10,
    "fields": {
        "run": 2,
        "score": 0.2134,
        "p_number": 100
    }
},
{
    "model": "trec.p_value",
    "pk": 11,
    "fields": {
        "run": 2,
        "score": 0.3828,
        "p_number": 5
    }
},
{
    "model": "trec.p_value",
    "pk": 12,
    "fields": {
        "run": 2,
        "score": 0.1584,
        "p_number": 200
    }
},
{
    "model": "trec.p_value",
    "pk": 13,
    "fields": {
        "run": 2,
        "score": 0.3535,
        "p_number": 10
    }
},
{
    "model": "trec.p_value",
    "pk": 14,
    "fields": {
        "run": 2,
        "score": 0.3343,
        "p_number": 15
    }
},
{
    "model": "trec.p_value",
    "pk": 15,
    "fields": {
        "run": 2,
        "score": 0.0559,
        "p_number": 1000
    }
},
{
    "model": "trec.p_value",
    "pk": 16,
    "fields": {
        "run": 2,
        "score": 0.325,
        "p_number": 20
    }
},
{
    "model": "trec.p_value",
    "pk": 17,
    "fields": {
        "run": 2,
        "score": 0.0918,
        "p_number": 500
    }
},
{
    "model": "trec.p_value",
    "pk": 18,
    "fields": {
        "run": 2,
        "score": 0.2988,
        "p_number": 30
    }
},
{
    "model": "trec.p_value",
    "pk": 19,
    "fields": {
        "run": 3,
        "score": 0.2148,
        "p_number": 100
    }
},
{
    "model": "trec.p_value",
    "pk": 20,
    "fields": {
        "run": 3,
        "score": 0.3949,
        "p_number": 5
    }
},
{
    "model": "trec.p_value",
    "pk": 21,
    "fields": {
        "run": 3,
        "score": 0.1581,
        "p_number": 200
    }
},
{
    "model": "trec.p_value",
    "pk": 22,
    "fields": {
        "run": 3,
        "score": 0.3682,
        "p_number": 10
    }
},
{
    "model": "trec.p_value",
    "pk": 23,
    "fields": {
        "run": 3,
        "score": 0.3431,
        "p_number": 15
    }
},
{
    "model": "trec.p_value",
    "pk": 24,
    "fields": {
        "run": 3,
        "score": 0.0561,
        "p_number": 1000
    }
},
{
    "model": "trec.p_value",
    "pk": 25,
    "fields": {
        "run": 3,
        "score": 0.3288,
        "p_number": 20
    }
},
{
    "model": "trec.p_value",
    "pk": 26,
    "fields": {
        "run": 3,
        "score": 0.0907,
        "p_number": 500
    }
},
{
    "model": "trec.p_value",
    "pk": 27,
    "fields": {
        "run": 3,
        "score": 0.3037,
        "p_number": 30
    }
},
{
    "model": "trec.p_value",
    "pk": 28,
    "fields": {
        "run": 4,
        "score": 0.2158,
        "p_number": 100
    }
},
{
    "model": "trec.p_value",
    "pk": 29,
    "fields": {
        "run": 4,
        "score": 0.3949,
        "p_number": 5
    }
},
{
    "model": "trec.p_value",
    "pk": 30,
    "fields": {
        "run": 4,
        "score": 0.1593,
        "p_number": 200
    }
},
{
    "model": "trec.p_value",
    "pk": 31,
    "fields": {
        "run": 4,
        "score": 0.3768,
        "p_number": 10
    }
},
{
    "model": "trec.p_value",
    "pk": 32,
    "fields": {
        "run": 4,
        "score": 0.3495,
        "p_number": 15
    }
},
{
    "model": "trec.p_value",
    "pk": 33,
    "fields": {
        "run": 4,
        "score": 0.0558,
        "p_number": 1000
    }
},
{
    "model": "trec.p_value",
    "pk": 34,
    "fields": {
        "run": 4,
        "score": 0.3331,
        "p_number": 20
    }
},
{
    "model": "trec.p_value",
    "pk": 35,
    "fields": {
        "run": 4,
        "score": 0.0914,
        "p_number": 500
    }
},
{
    "model": "trec.p_value",
    "pk": 36,
    "fields": {
        "run": 4,
        "score": 0.3056,
        "p_number": 30
    }
},
{
    "model": "trec.p_value",
    "pk": 37,
    "fields": {
        "run": 5,
        "score": 0.1876,
        "p_number": 100
    }
},
{
    "model": "trec.p_value",
    "pk": 38,
    "fields": {
        "run": 5,
        "score": 0.312,
        "p_number": 5
    }
},
{
    "model": "trec.p_value",
    "pk": 39,
    "fields": {
        "run": 5,
        "score": 0.1358,
        "p_number": 200
    }
},
{
    "model": "trec.p_value",
    "pk": 40,
    "fields": {
        "run": 5,
        "score": 0.308,
        "p_number": 10
    }
},
{
    "model": "trec.p_value",
    "pk": 41,
    "fields": {
        "run": 5,
        "score": 0.296,
        "p_number": 15
    }
},
{
    "model": "trec.p_value",
    "pk": 42,
    "fields": {
        "run": 5,
        "score": 0.0502,
        "p_number": 1000
    }
},
{
    "model": "trec.p_value",
    "pk": 43,
    "fields": {
        "run": 5,
        "score": 0.282,
        "p_number": 20
    }
},
{
    "model": "trec.p_value",
    "pk": 44,
    "fields": {
        "run": 5,
        "score": 0.0814,
        "p_number": 500
    }
},
{
    "model": "trec.p_value",
    "pk": 45,
    "fields": {
        "run": 5,
        "score": 0.2613,
        "p_number": 30
    }
},
{
    "model": "trec.p_value",
    "pk": 46,
    "fields": {
        "run": 6,
        "score": 0.2353,
        "p_number": 100
    }
},
{
    "model": "trec.p_value",
    "pk": 47,
    "fields": {
        "run": 6,
        "score": 0.3878,
        "p_number": 5
    }
},
{
    "model": "trec.p_value",
    "pk": 48,
    "fields": {
        "run": 6,
        "score": 0.1846,
        "p_number": 200
    }
},
{
    "model": "trec.p_value",
    "pk": 49,
    "fields": {
        "run": 6,
        "score": 0.3469,
        "p_number": 10
    }
},
{
    "model": "trec.p_value",
    "pk": 50,
    "fields": {
        "run": 6,
        "score": 0.3442,
        "p_number": 15
    }
},
{
    "model": "trec.p_value",
    "pk": 51,
    "fields": {
        "run": 6,
        "score": 0.0723,
        "p_number": 1000
    }
},
{
    "model": "trec.p_value",
    "pk": 52,
    "fields": {
        "run": 6,
        "score": 0.3367,
        "p_number": 20
    }
},
{
    "model": "trec.p_value",
    "pk": 53,
    "fields": {
        "run": 6,
        "score": 0.1195,
        "p_number": 500
    }
},
{
    "model": "trec.p_value",
    "pk": 54,
    "fields": {
        "run": 6,
        "score": 0.319,
        "p_number": 30
    }
},
{
    "model": "trec.p_value",
    "pk": 55,
    "fields": {
        "run": 7,
        "score": 0.2218,
        "p_number": 100
    }
},
{
    "model": "trec.p_value",
    "pk": 56,
    "fields": {
        "run": 7,
        "score": 0.3469,
        "p_number": 5
    }
},
{
    "model": "trec.p_value",
    "pk": 57,
    "fields": {
        "run": 7,
        "score": 0.174,
        "p_number": 200
    }
},
{
    "model": "trec.p_value",
    "pk": 58,
    "fields": {
        "run": 7,
        "score": 0.3163,
        "p_number": 10
    }
},
{
    "model": "trec.p_value",
    "pk": 59,
    "fields": {
        "run": 7,
        "score": 0.3088,
        "p_number": 15
    }
},
{
    "model": "trec.p_value",
    "pk": 60,
    "fields": {
        "run": 7,
        "score": 0.0712,
        "p_number": 1000
    }
},
{
    "model": "trec.p_value",
    "pk": 61,
    "fields": {
        "run": 7,
        "score": 0.3061,
        "p_number": 20
    }
},
{
    "model": "trec.p_value",
    "pk": 62,
    "fields": {
        "run": 7,
        "score": 0.1151,
        "p_number": 500
    }
},
{
    "model": "trec.p_value",
    "pk": 63,
    "fields": {
        "run": 7,
        "score": 0.2871,
        "p_number": 30
    }
},
{
    "model": "trec.p_value",
    "pk": 64,
    "fields": {
        "run": 8,
        "score": 0.2327,
        "p_number": 100
    }
},
{
    "model": "trec.p_value",
    "pk": 65,
    "fields": {
        "run": 8,
        "score": 0.3592,
        "p_number": 5
    }
},
{
    "model": "trec.p_value",
    "pk": 66,
    "fields": {
        "run": 8,
        "score": 0.1785,
        "p_number": 200
    }
},
{
    "model": "trec.p_value",
    "pk": 67,
    "fields": {
        "run": 8,
        "score": 0.3306,
        "p_number": 10
    }
},
{
    "model": "trec.p_value",
    "pk": 68,
    "fields": {
        "run": 8,
        "score": 0.3156,
        "p_number": 15
    }
},
{
    "model": "trec.p_value",
    "pk": 69,
    "fields": {
        "run": 8,
        "score": 0.0722,
        "p_number": 1000
    }
},
{
    "model": "trec.p_value",
    "pk": 70,
    "fields": {
        "run": 8,
        "score": 0.3092,
        "p_number": 20
    }
},
{
    "model": "trec.p_value",
    "pk": 71,
    "fields": {
        "run": 8,
        "score": 0.1162,
        "p_number": 500
    }
},
{
    "model": "trec.p_value",
    "pk": 72,
    "fields": {
        "run": 8,
        "score": 0.2918,
        "p_number": 30
    }
},
{
    "model": "trec.p_value",
    "pk": 73,
    "fields": {
        "run": 9,
        "score": 0.2382,
        "p_number": 100
    }
},
{
    "model": "trec.p_value",
    "pk": 74,
    "fields": {
        "run": 9,
        "score": 0.3837,
        "p_number": 5
    }
},
{
    "model": "trec.p_value",
    "pk": 75,
    "fields": {
        "run": 9,
        "score": 0.1882,
        "p_number": 200
    }
},
{
    "model": "trec.p_value",
    "pk": 76,
    "fields": {
        "run": 9,
        "score": 0.3735,
        "p_number": 10
    }
},
{
    "model": "trec.p_value",
    "pk": 77,
    "fields": {
        "run": 9,
        "score": 0.3469,
        "p_number": 15
    }
},
{
    "model": "trec.p_value",
    "pk": 78,
    "fields": {
        "run": 9,
        "score": 0.0725,
        "p_number": 1000
    }
},
{
    "model": "trec.p_value",
    "pk": 79,
    "fields": {
        "run": 9,
        "score": 0.3378,
        "p_number": 20
    }
},
{
    "model": "trec.p_value",
    "pk": 80,
    "fields": {
        "run": 9,
        "score": 0.1185,
        "p_number": 500
    }
},
{
    "model": "trec.p_value",
    "pk": 81,
    "fields": {
        "run": 9,
        "score": 0.3102,
        "p_number": 30
    }
},
{
    "model": "trec.p_value",
    "pk": 82,
    "fields": {
        "run": 10,
        "score": 0.0882,
        "p_number": 100
    }
},
{
    "model": "trec.p_value",
    "pk": 83,
    "fields": {
        "run": 10,
        "score": 0.268,
        "p_number": 5
    }
},
{
    "model": "trec.p_value",
    "pk": 84,
    "fields": {
        "run": 10,
        "score": 0.0644,
        "p_number": 200
    }
},
{
    "model": "trec.p_value",
    "pk": 85,
    "fields": {
        "run": 10,
        "score": 0.22,
        "p_number": 10
    }
},
{
    "model": "trec.p_value",
    "pk": 86,
    "fields": {
        "run": 10,
        "score": 0.188,
        "p_number": 15
    }
},
{
    "model": "trec.p_value",
    "pk": 87,
    "fields": {
        "run": 10,
        "score": 0.0201,
        "p_number": 1000
    }
},
{
    "model": "trec.p_value",
    "pk": 88,
    "fields": {
        "run": 10,
        "score": 0.169,
        "p_number": 20
    }
},
{
    "model": "trec.p_value",
    "pk": 89,
    "fields": {
        "run": 10,
        "score": 0.0348,
        "p_number": 500
    }
},
{
    "model": "trec.p_value",
    "pk": 90,
    "fields": {
        "run": 10,
        "score": 0.1507,
        "p_number": 30
    }
},
{
    "model": "trec.p_value",
    "pk": 91,
    "fields": {
        "run": 11,
        "score": 0.0926,
        "p_number": 100
    }
},
{
    "model": "trec.p_value",
    "pk": 92,
    "fields": {
        "run": 11,
        "score": 0.268,
        "p_number": 5
    }
},
{
    "model": "trec.p_value",
    "pk": 93,
    "fields": {
        "run": 11,
        "score": 0.0642,
        "p_number": 200
    }
},
{
    "model": "trec.p_value",
    "pk": 94,
    "fields": {
        "run": 11,
        "score": 0.23,
        "p_number": 10
    }
},
{
    "model": "trec.p_value",
    "pk": 95,
    "fields": {
        "run": 11,
        "score": 0.196,
        "p_number": 15
    }
},
{
    "model": "trec.p_value",
    "pk": 96,
    "fields": {
        "run": 11,
        "score": 0.0201,
        "p_number": 1000
    }
},
{
    "model": "trec.p_value",
    "pk": 97,
    "fields": {
        "run": 11,
        "score": 0.176,
        "p_number": 20
    }
},
{
    "model": "trec.p_value",
    "pk": 98,
    "fields": {
        "run": 11,
        "score": 0.0344,
        "p_number": 500
    }
},
{
    "model": "trec.p_value",
    "pk": 99,
    "fields": {
        "run": 11,
        "score": 0.1513,
        "p_number": 30
    }
},
{
    "model": "trec.p_value",
    "pk": 100,
    "fields": {
        "run": 12,
        "score": 0.091,
        "p_number": 100
    }
},
{
    "model": "trec.p_value",
    "pk": 101,
    "fields": {
        "run": 12,
        "score": 0.272,
        "p_number": 5
    }
},
{
    "model": "trec.p_value",
    "pk": 102,
    "fields": {
        "run": 12,
        "score": 0.0646,
        "p_number": 200
    }
},
{
    "model": "trec.p_value",
    "pk": 103,
    "fields": {
        "run": 12,
        "score": 0.222,
        "p_number": 10
    }
},
{
    "model": "trec.p_value",
    "pk": 104,
    "fields": {
        "run": 12,
        "score": 0.1973,
        "p_number": 15
    }
},
{
    "model": "trec.p_value",
    "pk": 105,
    "fields": {
        "run": 12,
        "score": 0.0208,
        "p_number": 1000
    }
},
{
    "model": "trec.p_value",
    "pk": 106,
    "fields": {
        "run": 12,
        "score": 0.174,
        "p_number": 20
    }
},
{
    "model": "trec.p_value",
    "pk": 107,
    "fields": {
        "run": 12,
        "score": 0.0355,
        "p_number": 500
    }
},
{
    "model": "trec.p_value",
    "pk": 108,
    "fields": {
        "run": 12,
        "score": 0.152,
        "p_number": 30
    }
},
{
    "model": "trec.p_value",
    "pk": 109,
    "fields": {
        "run": 13,
        "score": 0.0862,
        "p_number": 100
    }
},
{
    "model": "trec.p_value",
    "pk": 110,
    "fields": {
        "run": 13,
        "score": 0.256,
        "p_number": 5
    }
},
{
    "model": "trec.p_value",
    "pk": 111,
    "fields": {
        "run": 13,
        "score": 0.0631,
        "p_number": 200
    }
},
{
    "model": "trec.p_value",
    "pk": 112,
    "fields": {
        "run": 13,
        "score": 0.198,
        "p_number": 10
    }
},
{
    "model": "trec.p_value",
    "pk": 113,
    "fields": {
        "run": 13,
        "score": 0.188,
        "p_number": 15
    }
},
{
    "model": "trec.p_value",
    "pk": 114,
    "fields": {
        "run": 13,
        "score": 0.0203,
        "p_number": 1000
    }
},
{
    "model": "trec.p_value",
    "pk": 115,
    "fields": {
        "run": 13,
        "score": 0.167,
        "p_number": 20
    }
},
{
    "model": "trec.p_value",
    "pk": 116,
    "fields": {
        "run": 13,
        "score": 0.0352,
        "p_number": 500
    }
},
{
    "model": "trec.p_value",
    "pk": 117,
    "fields": {
        "run": 13,
        "score": 0.1427,
        "p_number": 30
    }
},
{
    "model": "trec.recall_val",
    "pk": 1,
    "fields": {
        "run": 1,
        "score": 0.6014,
        "recall_number": 0.0
    }
},
{
    "model": "trec.recall_val",
    "pk": 2,
    "fields": {
        "run": 1,
        "score": 0.2324,
        "recall_number": 0.5
    }
},
{
    "model": "trec.recall_val",
    "pk": 3,
    "fields": {
        "run": 1,
        "score": 0.3718,
        "recall_number": 0.2
    }
},
{
    "model": "trec.recall_val",
    "pk": 4,
    "fields": {
        "run": 1,
        "score": 0.2758,
        "recall_number": 0.4
    }
},
{
    "model": "trec.recall_val",
    "pk": 5,
    "fields": {
        "run": 1,
        "score": 0.0274,
        "recall_number": 1.0
    }
},
{
    "model": "trec.recall_val",
    "pk": 6,
    "fields": {
        "run": 1,
        "score": 0.1085,
        "recall_number": 0.8
    }
},
{
    "model": "trec.recall_val",
    "pk": 7,
    "fields": {
        "run": 1,
        "score": 0.1946,
        "recall_number": 0.6
    }
},
{
    "model": "trec.recall_val",
    "pk": 8,
    "fields": {
        "run": 1,
        "score": 0.3175,
        "recall_number": 0.3
    }
},
{
    "model": "trec.recall_val",
    "pk": 9,
    "fields": {
        "run": 1,
        "score": 0.447,
        "recall_number": 0.1
    }
},
{
    "model": "trec.recall_val",
    "pk": 10,
    "fields": {
        "run": 1,
        "score": 0.073,
        "recall_number": 0.9
    }
},
{
    "model": "trec.recall_val",
    "pk": 11,
    "fields": {
        "run": 1,
        "score": 0.1492,
        "recall_number": 0.7
    }
},
{
    "model": "trec.recall_val",
    "pk": 12,
    "fields": {
        "run": 2,
        "score": 0.5955,
        "recall_number": 0.0
    }
},
{
    "model": "trec.recall_val",
    "pk": 13,
    "fields": {
        "run": 2,
        "score": 0.2282,
        "recall_number": 0.5
    }
},
{
    "model": "trec.recall_val",
    "pk": 14,
    "fields": {
        "run": 2,
        "score": 0.3633,
        "recall_number": 0.2
    }
},
{
    "model": "trec.recall_val",
    "pk": 15,
    "fields": {
        "run": 2,
        "score": 0.2672,
        "recall_number": 0.4
    }
},
{
    "model": "trec.recall_val",
    "pk": 16,
    "fields": {
        "run": 2,
        "score": 0.0267,
        "recall_number": 1.0
    }
},
{
    "model": "trec.recall_val",
    "pk": 17,
    "fields": {
        "run": 2,
        "score": 0.1069,
        "recall_number": 0.8
    }
},
{
    "model": "trec.recall_val",
    "pk": 18,
    "fields": {
        "run": 2,
        "score": 0.1873,
        "recall_number": 0.6
    }
},
{
    "model": "trec.recall_val",
    "pk": 19,
    "fields": {
        "run": 2,
        "score": 0.3099,
        "recall_number": 0.3
    }
},
{
    "model": "trec.recall_val",
    "pk": 20,
    "fields": {
        "run": 2,
        "score": 0.4344,
        "recall_number": 0.1
    }
},
{
    "model": "trec.recall_val",
    "pk": 21,
    "fields": {
        "run": 2,
        "score": 0.0703,
        "recall_number": 0.9
    }
},
{
    "model": "trec.recall_val",
    "pk": 22,
    "fields": {
        "run": 2,
        "score": 0.1445,
        "recall_number": 0.7
    }
},
{
    "model": "trec.recall_val",
    "pk": 23,
    "fields": {
        "run": 3,
        "score": 0.5979,
        "recall_number": 0.0
    }
},
{
    "model": "trec.recall_val",
    "pk": 24,
    "fields": {
        "run": 3,
        "score": 0.2362,
        "recall_number": 0.5
    }
},
{
    "model": "trec.recall_val",
    "pk": 25,
    "fields": {
        "run": 3,
        "score": 0.37,
        "recall_number": 0.2
    }
},
{
    "model": "trec.recall_val",
    "pk": 26,
    "fields": {
        "run": 3,
        "score": 0.2711,
        "recall_number": 0.4
    }
},
{
    "model": "trec.recall_val",
    "pk": 27,
    "fields": {
        "run": 3,
        "score": 0.0253,
        "recall_number": 1.0
    }
},
{
    "model": "trec.recall_val",
    "pk": 28,
    "fields": {
        "run": 3,
        "score": 0.1049,
        "recall_number": 0.8
    }
},
{
    "model": "trec.recall_val",
    "pk": 29,
    "fields": {
        "run": 3,
        "score": 0.1893,
        "recall_number": 0.6
    }
},
{
    "model": "trec.recall_val",
    "pk": 30,
    "fields": {
        "run": 3,
        "score": 0.3159,
        "recall_number": 0.3
    }
},
{
    "model": "trec.recall_val",
    "pk": 31,
    "fields": {
        "run": 3,
        "score": 0.4391,
        "recall_number": 0.1
    }
},
{
    "model": "trec.recall_val",
    "pk": 32,
    "fields": {
        "run": 3,
        "score": 0.0687,
        "recall_number": 0.9
    }
},
{
    "model": "trec.recall_val",
    "pk": 33,
    "fields": {
        "run": 3,
        "score": 0.1447,
        "recall_number": 0.7
    }
},
{
    "model": "trec.recall_val",
    "pk": 34,
    "fields": {
        "run": 4,
        "score": 0.5986,
        "recall_number": 0.0
    }
},
{
    "model": "trec.recall_val",
    "pk": 35,
    "fields": {
        "run": 4,
        "score": 0.2322,
        "recall_number": 0.5
    }
},
{
    "model": "trec.recall_val",
    "pk": 36,
    "fields": {
        "run": 4,
        "score": 0.371,
        "recall_number": 0.2
    }
},
{
    "model": "trec.recall_val",
    "pk": 37,
    "fields": {
        "run": 4,
        "score": 0.2698,
        "recall_number": 0.4
    }
},
{
    "model": "trec.recall_val",
    "pk": 38,
    "fields": {
        "run": 4,
        "score": 0.0277,
        "recall_number": 1.0
    }
},
{
    "model": "trec.recall_val",
    "pk": 39,
    "fields": {
        "run": 4,
        "score": 0.1068,
        "recall_number": 0.8
    }
},
{
    "model": "trec.recall_val",
    "pk": 40,
    "fields": {
        "run": 4,
        "score": 0.1897,
        "recall_number": 0.6
    }
},
{
    "model": "trec.recall_val",
    "pk": 41,
    "fields": {
        "run": 4,
        "score": 0.313,
        "recall_number": 0.3
    }
},
{
    "model": "trec.recall_val",
    "pk": 42,
    "fields": {
        "run": 4,
        "score": 0.4453,
        "recall_number": 0.1
    }
},
{
    "model": "trec.recall_val",
    "pk": 43,
    "fields": {
        "run": 4,
        "score": 0.0742,
        "recall_number": 0.9
    }
},
{
    "model": "trec.recall_val",
    "pk": 44,
    "fields": {
        "run": 4,
        "score": 0.1472,
        "recall_number": 0.7
    }
},
{
    "model": "trec.recall_val",
    "pk": 45,
    "fields": {
        "run": 5,
        "score": 0.5026,
        "recall_number": 0.0
    }
},
{
    "model": "trec.recall_val",
    "pk": 46,
    "fields": {
        "run": 5,
        "score": 0.173,
        "recall_number": 0.5
    }
},
{
    "model": "trec.recall_val",
    "pk": 47,
    "fields": {
        "run": 5,
        "score": 0.2692,
        "recall_number": 0.2
    }
},
{
    "model": "trec.recall_val",
    "pk": 48,
    "fields": {
        "run": 5,
        "score": 0.1893,
        "recall_number": 0.4
    }
},
{
    "model": "trec.recall_val",
    "pk": 49,
    "fields": {
        "run": 5,
        "score": 0.0,
        "recall_number": 1.0
    }
},
{
    "model": "trec.recall_val",
    "pk": 50,
    "fields": {
        "run": 5,
        "score": 0.0731,
        "recall_number": 0.8
    }
},
{
    "model": "trec.recall_val",
    "pk": 51,
    "fields": {
        "run": 5,
        "score": 0.1472,
        "recall_number": 0.6
    }
},
{
    "model": "trec.recall_val",
    "pk": 52,
    "fields": {
        "run": 5,
        "score": 0.2217,
        "recall_number": 0.3
    }
},
{
    "model": "trec.recall_val",
    "pk": 53,
    "fields": {
        "run": 5,
        "score": 0.3246,
        "recall_number": 0.1
    }
},
{
    "model": "trec.recall_val",
    "pk": 54,
    "fields": {
        "run": 5,
        "score": 0.0346,
        "recall_number": 0.9
    }
},
{
    "model": "trec.recall_val",
    "pk": 55,
    "fields": {
        "run": 5,
        "score": 0.107,
        "recall_number": 0.7
    }
},
{
    "model": "trec.recall_val",
    "pk": 56,
    "fields": {
        "run": 6,
        "score": 0.5836,
        "recall_number": 0.0
    }
},
{
    "model": "trec.recall_val",
    "pk": 57,
    "fields": {
        "run": 6,
        "score": 0.1643,
        "recall_number": 0.5
    }
},
{
    "model": "trec.recall_val",
    "pk": 58,
    "fields": {
        "run": 6,
        "score": 0.3078,
        "recall_number": 0.2
    }
},
{
    "model": "trec.recall_val",
    "pk": 59,
    "fields": {
        "run": 6,
        "score": 0.2152,
        "recall_number": 0.4
    }
},
{
    "model": "trec.recall_val",
    "pk": 60,
    "fields": {
        "run": 6,
        "score": 0.0033,
        "recall_number": 1.0
    }
},
{
    "model": "trec.recall_val",
    "pk": 61,
    "fields": {
        "run": 6,
        "score": 0.0542,
        "recall_number": 0.8
    }
},
{
    "model": "trec.recall_val",
    "pk": 62,
    "fields": {
        "run": 6,
        "score": 0.12,
        "recall_number": 0.6
    }
},
{
    "model": "trec.recall_val",
    "pk": 63,
    "fields": {
        "run": 6,
        "score": 0.2649,
        "recall_number": 0.3
    }
},
{
    "model": "trec.recall_val",
    "pk": 64,
    "fields": {
        "run": 6,
        "score": 0.3666,
        "recall_number": 0.1
    }
},
{
    "model": "trec.recall_val",
    "pk": 65,
    "fields": {
        "run": 6,
        "score": 0.028,
        "recall_number": 0.9
    }
},
{
    "model": "trec.recall_val",
    "pk": 66,
    "fields": {
        "run": 6,
        "score": 0.0865,
        "recall_number": 0.7
    }
},
{
    "model": "trec.recall_val",
    "pk": 67,
    "fields": {
        "run": 7,
        "score": 0.5327,
        "recall_number": 0.0
    }
},
{
    "model": "trec.recall_val",
    "pk": 68,
    "fields": {
        "run": 7,
        "score": 0.1536,
        "recall_number": 0.5
    }
},
{
    "model": "trec.recall_val",
    "pk": 69,
    "fields": {
        "run": 7,
        "score": 0.2896,
        "recall_number": 0.2
    }
},
{
    "model": "trec.recall_val",
    "pk": 70,
    "fields": {
        "run": 7,
        "score": 0.1936,
        "recall_number": 0.4
    }
},
{
    "model": "trec.recall_val",
    "pk": 71,
    "fields": {
        "run": 7,
        "score": 0.0032,
        "recall_number": 1.0
    }
},
{
    "model": "trec.recall_val",
    "pk": 72,
    "fields": {
        "run": 7,
        "score": 0.0479,
        "recall_number": 0.8
    }
},
{
    "model": "trec.recall_val",
    "pk": 73,
    "fields": {
        "run": 7,
        "score": 0.1087,
        "recall_number": 0.6
    }
},
{
    "model": "trec.recall_val",
    "pk": 74,
    "fields": {
        "run": 7,
        "score": 0.2461,
        "recall_number": 0.3
    }
},
{
    "model": "trec.recall_val",
    "pk": 75,
    "fields": {
        "run": 7,
        "score": 0.3338,
        "recall_number": 0.1
    }
},
{
    "model": "trec.recall_val",
    "pk": 76,
    "fields": {
        "run": 7,
        "score": 0.0192,
        "recall_number": 0.9
    }
},
{
    "model": "trec.recall_val",
    "pk": 77,
    "fields": {
        "run": 7,
        "score": 0.0811,
        "recall_number": 0.7
    }
},
{
    "model": "trec.recall_val",
    "pk": 78,
    "fields": {
        "run": 8,
        "score": 0.553,
        "recall_number": 0.0
    }
},
{
    "model": "trec.recall_val",
    "pk": 79,
    "fields": {
        "run": 8,
        "score": 0.1584,
        "recall_number": 0.5
    }
},
{
    "model": "trec.recall_val",
    "pk": 80,
    "fields": {
        "run": 8,
        "score": 0.2988,
        "recall_number": 0.2
    }
},
{
    "model": "trec.recall_val",
    "pk": 81,
    "fields": {
        "run": 8,
        "score": 0.2063,
        "recall_number": 0.4
    }
},
{
    "model": "trec.recall_val",
    "pk": 82,
    "fields": {
        "run": 8,
        "score": 0.0034,
        "recall_number": 1.0
    }
},
{
    "model": "trec.recall_val",
    "pk": 83,
    "fields": {
        "run": 8,
        "score": 0.0512,
        "recall_number": 0.8
    }
},
{
    "model": "trec.recall_val",
    "pk": 84,
    "fields": {
        "run": 8,
        "score": 0.1179,
        "recall_number": 0.6
    }
},
{
    "model": "trec.recall_val",
    "pk": 85,
    "fields": {
        "run": 8,
        "score": 0.2535,
        "recall_number": 0.3
    }
},
{
    "model": "trec.recall_val",
    "pk": 86,
    "fields": {
        "run": 8,
        "score": 0.3444,
        "recall_number": 0.1
    }
},
{
    "model": "trec.recall_val",
    "pk": 87,
    "fields": {
        "run": 8,
        "score": 0.0202,
        "recall_number": 0.9
    }
},
{
    "model": "trec.recall_val",
    "pk": 88,
    "fields": {
        "run": 8,
        "score": 0.0785,
        "recall_number": 0.7
    }
},
{
    "model": "trec.recall_val",
    "pk": 89,
    "fields": {
        "run": 9,
        "score": 0.6039,
        "recall_number": 0.0
    }
},
{
    "model": "trec.recall_val",
    "pk": 90,
    "fields": {
        "run": 9,
        "score": 0.1572,
        "recall_number": 0.5
    }
},
{
    "model": "trec.recall_val",
    "pk": 91,
    "fields": {
        "run": 9,
        "score": 0.3133,
        "recall_number": 0.2
    }
},
{
    "model": "trec.recall_val",
    "pk": 92,
    "fields": {
        "run": 9,
        "score": 0.2139,
        "recall_number": 0.4
    }
},
{
    "model": "trec.recall_val",
    "pk": 93,
    "fields": {
        "run": 9,
        "score": 0.004,
        "recall_number": 1.0
    }
},
{
    "model": "trec.recall_val",
    "pk": 94,
    "fields": {
        "run": 9,
        "score": 0.0509,
        "recall_number": 0.8
    }
},
{
    "model": "trec.recall_val",
    "pk": 95,
    "fields": {
        "run": 9,
        "score": 0.1169,
        "recall_number": 0.6
    }
},
{
    "model": "trec.recall_val",
    "pk": 96,
    "fields": {
        "run": 9,
        "score": 0.2683,
        "recall_number": 0.3
    }
},
{
    "model": "trec.recall_val",
    "pk": 97,
    "fields": {
        "run": 9,
        "score": 0.3664,
        "recall_number": 0.1
    }
},
{
    "model": "trec.recall_val",
    "pk": 98,
    "fields": {
        "run": 9,
        "score": 0.0273,
        "recall_number": 0.9
    }
},
{
    "model": "trec.recall_val",
    "pk": 99,
    "fields": {
        "run": 9,
        "score": 0.0839,
        "recall_number": 0.7
    }
},
{
    "model": "trec.recall_val",
    "pk": 100,
    "fields": {
        "run": 10,
        "score": 0.5148,
        "recall_number": 0.0
    }
},
{
    "model": "trec.recall_val",
    "pk": 101,
    "fields": {
        "run": 10,
        "score": 0.1561,
        "recall_number": 0.5
    }
},
{
    "model": "trec.recall_val",
    "pk": 102,
    "fields": {
        "run": 10,
        "score": 0.2879,
        "recall_number": 0.2
    }
},
{
    "model": "trec.recall_val",
    "pk": 103,
    "fields": {
        "run": 10,
        "score": 0.1991,
        "recall_number": 0.4
    }
},
{
    "model": "trec.recall_val",
    "pk": 104,
    "fields": {
        "run": 10,
        "score": 0.0299,
        "recall_number": 1.0
    }
},
{
    "model": "trec.recall_val",
    "pk": 105,
    "fields": {
        "run": 10,
        "score": 0.0652,
        "recall_number": 0.8
    }
},
{
    "model": "trec.recall_val",
    "pk": 106,
    "fields": {
        "run": 10,
        "score": 0.1289,
        "recall_number": 0.6
    }
},
{
    "model": "trec.recall_val",
    "pk": 107,
    "fields": {
        "run": 10,
        "score": 0.2341,
        "recall_number": 0.3
    }
},
{
    "model": "trec.recall_val",
    "pk": 108,
    "fields": {
        "run": 10,
        "score": 0.3806,
        "recall_number": 0.1
    }
},
{
    "model": "trec.recall_val",
    "pk": 109,
    "fields": {
        "run": 10,
        "score": 0.0352,
        "recall_number": 0.9
    }
},
{
    "model": "trec.recall_val",
    "pk": 110,
    "fields": {
        "run": 10,
        "score": 0.0864,
        "recall_number": 0.7
    }
},
{
    "model": "trec.recall_val",
    "pk": 111,
    "fields": {
        "run": 11,
        "score": 0.5061,
        "recall_number": 0.0
    }
},
{
    "model": "trec.recall_val",
    "pk": 112,
    "fields": {
        "run": 11,
        "score": 0.1559,
        "recall_number": 0.5
    }
},
{
    "model": "trec.recall_val",
    "pk": 113,
    "fields": {
        "run": 11,
        "score": 0.2901,
        "recall_number": 0.2
    }
},
{
    "model": "trec.recall_val",
    "pk": 114,
    "fields": {
        "run": 11,
        "score": 0.1972,
        "recall_number": 0.4
    }
},
{
    "model": "trec.recall_val",
    "pk": 115,
    "fields": {
        "run": 11,
        "score": 0.0303,
        "recall_number": 1.0
    }
},
{
    "model": "trec.recall_val",
    "pk": 116,
    "fields": {
        "run": 11,
        "score": 0.0714,
        "recall_number": 0.8
    }
},
{
    "model": "trec.recall_val",
    "pk": 117,
    "fields": {
        "run": 11,
        "score": 0.1361,
        "recall_number": 0.6
    }
},
{
    "model": "trec.recall_val",
    "pk": 118,
    "fields": {
        "run": 11,
        "score": 0.2372,
        "recall_number": 0.3
    }
},
{
    "model": "trec.recall_val",
    "pk": 119,
    "fields": {
        "run": 11,
        "score": 0.3862,
        "recall_number": 0.1
    }
},
{
    "model": "trec.recall_val",
    "pk": 120,
    "fields": {
        "run": 11,
        "score": 0.0366,
        "recall_number": 0.9
    }
},
{
    "model": "trec.recall_val",
    "pk": 121,
    "fields": {
        "run": 11,
        "score": 0.0983,
        "recall_number": 0.7
    }
},
{
    "model": "trec.recall_val",
    "pk": 122,
    "fields": {
        "run": 12,
        "score": 0.5185,
        "recall_number": 0.0
    }
},
{
    "model": "trec.recall_val",
    "pk": 123,
    "fields": {
        "run": 12,
        "score": 0.1604,
        "recall_number": 0.5
    }
},
{
    "model": "trec.recall_val",
    "pk": 124,
    "fields": {
        "run": 12,
        "score": 0.2949,
        "recall_number": 0.2
    }
},
{
    "model": "trec.recall_val",
    "pk": 125,
    "fields": {
        "run": 12,
        "score": 0.2128,
        "recall_number": 0.4
    }
},
{
    "model": "trec.recall_val",
    "pk": 126,
    "fields": {
        "run": 12,
        "score": 0.0409,
        "recall_number": 1.0
    }
},
{
    "model": "trec.recall_val",
    "pk": 127,
    "fields": {
        "run": 12,
        "score": 0.0714,
        "recall_number": 0.8
    }
},
{
    "model": "trec.recall_val",
    "pk": 128,
    "fields": {
        "run": 12,
        "score": 0.1377,
        "recall_number": 0.6
    }
},
{
    "model": "trec.recall_val",
    "pk": 129,
    "fields": {
        "run": 12,
        "score": 0.256,
        "recall_number": 0.3
    }
},
{
    "model": "trec.recall_val",
    "pk": 130,
    "fields": {
        "run": 12,
        "score": 0.3854,
        "recall_number": 0.1
    }
},
{
    "model": "trec.recall_val",
    "pk": 131,
    "fields": {
        "run": 12,
        "score": 0.0492,
        "recall_number": 0.9
    }
},
{
    "model": "trec.recall_val",
    "pk": 132,
    "fields": {
        "run": 12,
        "score": 0.0936,
        "recall_number": 0.7
    }
},
{
    "model": "trec.recall_val",
    "pk": 133,
    "fields": {
        "run": 13,
        "score": 0.4856,
        "recall_number": 0.0
    }
},
{
    "model": "trec.recall_val",
    "pk": 134,
    "fields": {
        "run": 13,
        "score": 0.159,
        "recall_number": 0.5
    }
},
{
    "model": "trec.recall_val",
    "pk": 135,
    "fields": {
        "run": 13,
        "score": 0.2824,
        "recall_number": 0.2
    }
},
{
    "model": "trec.recall_val",
    "pk": 136,
    "fields": {
        "run": 13,
        "score": 0.1854,
        "recall_number": 0.4
    }
},
{
    "model": "trec.recall_val",
    "pk": 137,
    "fields": {
        "run": 13,
        "score": 0.0349,
        "recall_number": 1.0
    }
},
{
    "model": "trec.recall_val",
    "pk": 138,
    "fields": {
        "run": 13,
        "score": 0.0632,
        "recall_number": 0.8
    }
},
{
    "model": "trec.recall_val",
    "pk": 139,
    "fields": {
        "run": 13,
        "score": 0.1336,
        "recall_number": 0.6
    }
},
{
    "model": "trec.recall_val",
    "pk": 140,
    "fields": {
        "run": 13,
        "score": 0.2221,
        "recall_number": 0.3
    }
},
{
    "model": "trec.recall_val",
    "pk": 141,
    "fields": {
        "run": 13,
        "score": 0.3551,
        "recall_number": 0.1
    }
},
{
    "model": "trec.recall_val",
    "pk": 142,
    "fields": {
        "run": 13,
        "score": 0.0403,
        "recall_number": 0.9
    }
},
{
    "model": "trec.recall_val",
    "pk": 143,
    "fields": {
        "run": 13,
        "score": 0.0823,
        "recall_number": 0.7
    }
}
]
